and
between|betw|btwn|btw|btween
downs|downes|dwns
east|e
eastern|estrn|estern|eastrn
great|grt|gt
greater|grtr|gtr
heights|hghts|hgts|hieghts|ht|hts|hgths
little|ltl|lttl|littl|litl
lower|lowr|lwr
middle|mdl|midle|mddl
north|n|nrt|nrth|nth|norh|nort
northeast|ne|neast|ntheast|nteast
northern|nrthn|nrtn|nrthrn|nthn|nthrn|northen
northwest|nw|nwest|nthwest|ntwest
south|s|so|sth
southeast|se|seast|stheast|seast|soeast
southern|sthn|stn|sothn|southn|southen
southwest|sw|swest|sthwest|swest|sowest
upper|uppr|upr|up
west|w|wst
western|westrn|wstrn|wstn
mount|mt|mnt
via|by