lower|lowr|lwr
middle|mdl|midle|mddl
basement|bsm|bsmt|bsmnt|basement|bsment
floor|fl
level|lev|levl|lvel|lvl
apartments|apts|appartments
avenue|av|ave|aven|avenu|avn|avnu|avnue
center|centre|cetr|cntr|ctr
crescent|cr|cres|crs|crecent
drive|dr|drv|dv|dve
flat|flt
garden|gdn|grd|grdn
gardens|gdns|grds|grdns
lane|ln
road|raod|rd
street|str
bedfordshire|beds
berkshire|berks
buckinghamshire|bucks
cambridgeshire|cambs
cornwall
derbyshire|derbys
devon
devon & somerset|devon/someret
dorset
essex
gloucestershire|gloucs|glos
hampshire|hants
hampshire & dorset|hants/dorset
herefordshire|herefords
herefordshire & worcsestershire|heref/worcs
hertfordshire|herts
huntingdonshire|hunts
kent
lancashire|lancs
lincolnshire|lincs
middlesex|middx
northamptonshire|northants
nottinghamshire|notts
oxfordshire|oxon
rutland
shropshire|salop
suffolk
somerset
surrey
staffordshire|staffs
sussex
warwickshire|warwicks
wiltshire|wilts
wiltshire & hampshire|wilts/hants
worcestershire|worcs
worcsestershire & gloucestershire|worcs/gloucs
yorkshire|yorks
west midlands|westmids|west mids
annex|anex|annx|anx|annexe
block|blk|bl|blck
county|co
birmingham|bham
west midlands|westmidlands
greater manchester|greatermanchester
nottingham|nottm
shropshire|shrops
west glamorgan|w glam

